model,test_MAE_log,test_RMSE_log,test_R2,test_MAE_€/m²,test_RMSE_€/m²
ExtraTrees_OHE,0.18318540194900837,0.32267484375372385,0.5002081351332495,1649.7652131949583,2457.66263863584
RandomForest_OHE,0.19145596150070412,0.3249607876415079,0.49310164321820293,1722.847070424346,2480.487681817156
HGB_TargetEnc (YOURS),0.242450936521132,0.39740627682583235,0.24189665913925473,2186.3397733004426,2977.9547165046024
HGB_OHE,0.24374968839915068,0.39993735218358695,0.23220920699737713,2195.723820550464,2987.3726402975326
Ridge_OHE,0.26055683723363593,0.43372514814999585,0.09699911898583513,2345.689532871924,3196.9702329914217
Baseline_Mean,0.28381371404684064,0.45643341223300476,-3.182907972498761e-05,2595.890468793315,3421.9627212474693
